<?xml version="1.0" encoding="UTF-8"?>
<extension id="configuration">
	<name>Configuration Settings</name>
	<description>Admin interface for Symphony System Preferences</description>
	<repo type="github">https://github.com/bauhouse/configuration</repo>
	<url type="discuss">http://symphony-cms.com/discuss/thread/581/</url>
	<types>
		<type>Interface</type>
	</types>
	<authors>
		<author>
			<name github="bauhouse" symphony="bauhouse">Stephen Bau</name>
			<website>http://domain7.com/</website>
		</author>
	</authors>
	<releases>
		<release version="1.3.5" date="2011-11-05" min="2.2" />
	</releases>
</extension>